"Salary","Neuroticism","Education"
54405.770420786,2.73838712132524,"Medium"
80677.2429927685,3.25756812659931,"High"
47985.5634014599,4.12869724620007,"Medium"
85307.7191913171,4.74697087629315,"High"
98507.9043042675,2.81754232175136,"High"
66758.762406294,2.31732358849498,"Low"
68777.5306943614,2.48736903422641,"Medium"
77922.9651461114,2.3381493972744,"High"
72660.2088118444,3.38033802817966,"Medium"
72086.4234607182,3.18457041855838,"Medium"
78424.6472799595,4.0227137285794,"High"
43336.2774721511,3.43670615899862,"Medium"
67218.6857358249,4.00549952468164,"Medium"
73652.1916755553,3.4276959211653,"Medium"
41223.5754292196,1.87232919857026,"Low"
89307.5081045405,3.47857583605895,"High"
39801.7164277902,2.28603299793948,"Low"
49106.2102749697,2.66318953220505,"Low"
63815.8839070944,2.36467271016846,"Medium"
77519.2232215642,3.94849831261052,"High"
78768.1114552072,4.93153366275692,"High"
58795.0814567119,3.15975638643839,"Medium"
57323.6706252594,2.65598678449628,"Medium"
78152.8861985419,3.8702735912243,"High"
57762.5396658649,4.20370133301684,"Medium"
62101.4900856546,3.72173036202333,"Medium"
74710.9940957293,4.30786909235882,"Medium"
45849.0017106316,3.37092893681872,"Medium"
57986.1777223351,3.60241759458057,"Medium"
51469.9175843937,1.92182252934912,"Low"
98590.2222996573,4.62260302992956,"High"
87292.9406597062,3.6736040789211,"High"
66270.3394282936,2.0395326179737,"Medium"
76881.7087438705,4.21509270921283,"High"
40555.6508099733,4.05960861010352,"Low"
70060.9179476976,3.93588420215492,"Medium"
74768.9715772471,5.10054321367394,"High"
43097.4316000958,2.70488039678663,"Low"
66124.8237004601,2.73269815808463,"Medium"
51367.252017187,2.22590401187823,"Low"
55913.2877128235,2.16528914084973,"Low"
66353.2186595237,2.85208650182942,"Medium"
58383.7619011215,3.85329671764208,"Medium"
81387.4237599964,2.23006753180762,"Medium"
41390.3743050414,3.13811330259748,"Low"
57324.7659551396,3.13622363841924,"Low"
45819.6031514434,1.37534952750818,"Low"
66379.1897273589,3.79808708725303,"Medium"
35983.646002122,5.32673588753993,"Medium"
81397.5716440193,3.63016904740166,"High"
39363.1637429502,3.11979250146918,"Low"
55721.2645423374,2.58446753570265,"Medium"
65351.6486678727,5.05398382003959,"High"
52305.5449328026,2.61180680167243,"Low"
66339.8462839128,4.66233562477689,"Medium"
32761.9708062682,1.15310486291954,"Low"
47420.9973888914,2.35475547955823,"Low"
70024.2775585789,3.65602616673035,"High"
69602.5179219894,3.93743850865523,"High"
69672.1595007031,2.7147532386214,"Medium"
56710.8540291841,2.54038391006467,"Medium"
51704.3507296612,2.89256811045214,"Low"
65733.7197229066,2.32378288332152,"Medium"
62647.5682503065,4.51902216522487,"Medium"
78889.7615802477,3.09323494989322,"High"
48307.7312181689,3.33847451996016,"Medium"
89286.9177794674,4.56081514156678,"High"
81479.5909328134,4.60669510380066,"High"
79106.3657139021,3.84824831519953,"High"
62134.2019339274,3.32005532331738,"Medium"
92472.4128323743,4.92640914898988,"High"
58678.9462981114,2.00888646826115,"Medium"
55820.4143787631,2.5848620334114,"Medium"
34399.4367139575,2.67205489857709,"Low"
45264.9268320789,2.8725037749267,"Medium"
47070.0619208256,3.56804043412312,"Low"
61514.4967419682,3.82690768051853,"Medium"
63713.430968016,3.31379364169307,"Medium"
66231.6141475452,1.96510190331513,"Medium"
36627.8598263469,2.42082586576612,"Low"
34255.6635476727,2.1284392666997,"Low"
71568.4696854119,3.16482154583051,"Medium"
49545.4027156284,2.24355874695312,"Medium"
84056.2920143313,4.53150850292615,"High"
37045.5602208181,1.51164728360292,"Low"
65568.953257295,3.05907607150592,"Medium"
71143.8631200644,4.43143399807416,"High"
77531.577122477,3.43698928620654,"High"
98748.6531098818,4.60349911979194,"High"
54446.9545057088,1.27471517924482,"Low"
27793.1285955445,0,"Low"
61475.3761970182,3.64910582225375,"Medium"
53689.5471013789,3.96971023752316,"Medium"
49780.3010051476,3.00817891425048,"Medium"
62282.5411369054,3.68253301529959,"Medium"
47837.6443693306,1.41180508038674,"Low"
77508.1931094914,3.99729279242868,"High"
71259.6802549135,0.741181253462813,"Low"
32288.6259089512,4.2604962304394,"Medium"
64780.8930970041,4.83988958274004,"Medium"
54734.7386107693,4.16901243688056,"Medium"
69113.5632511476,3.22884441344099,"Medium"
56619.2619768457,3.22373674418877,"Medium"
79213.4169465347,2.81165125545804,"High"
39676.1144875581,3.92689619458948,"Medium"
79132.4604301412,3.92594051983226,"High"
110934,3.54520810324323,"High"
77549.5727559995,2.04682248670351,"Medium"
81518.4697104312,2.99629869683465,"Medium"
55646.533348958,1.67375015567936,"Low"
95017.4715498306,3.76690988099598,"High"
75913.8140608088,2.2127927898188,"Medium"
42117.1373097554,3.83914518741804,"Low"
74269.8188302114,4.09217190857385,"High"
51982.9071686084,4.16980872993812,"Medium"
33220.7460635638,0.17762185571939,"Low"
63089.3412475416,2.86531963879116,"Medium"
93198.9499734262,3.52921136713491,"High"
77386.0624495502,2.20824612156576,"Medium"
57466.1232266262,4.57244165133793,"Medium"
60236.1621248674,2.04404291531936,"Medium"
97627.7306422425,3.5239807116547,"Medium"
67062.9943694033,3.97474371044504,"Medium"
57871.4557137022,2.55065645738335,"Low"
60776.3949741747,2.50503291797369,"Medium"
77170.7337888278,4.90925232956581,"High"
46943.8893842139,2.54416696935673,"Low"
64953.5992588644,1.49069762331699,"Low"
43647.7665209766,1.21364668702863,"Low"
64187.6202634003,5.03350151445576,"Medium"
40309.7972567202,2.67298924563892,"Medium"
81337.2182819023,2.52183588385258,"High"
45260.0787159906,3.70740230050051,"Medium"
73120.6083601056,3.5170149778847,"Medium"
64346.4791151862,2.09649723924765,"Medium"
63792.2124799069,1.59359707181785,"Medium"
96602.126874042,4.00655148517593,"High"
89507.7766277601,5.07847047268992,"High"
68509.8075935362,4.64885543773826,"High"
68110.9483277181,2.83139619692514,"Medium"
50599.3939751548,2.54008970097465,"Medium"
55346.562794343,3.48358331558496,"Medium"
60150.6818607795,2.53286922563131,"Low"
56678.0084029786,2.93609485086472,"Low"
94616.1347318565,3.76796205626193,"High"
32991.0804641375,3.16627322337276,"Low"
24071.787715949,1.68932881263851,"Low"
30333.5340460881,2.11637828272594,"Low"
50695.1848555197,3.03093700204486,"Low"
55001.4524005213,4.09727169013802,"Medium"
62963.1449995712,2.45104063604497,"High"
59229.8082863735,3.34369135292305,"Medium"
75456.8394776972,3.77186914963775,"Medium"
54621.4033317917,1.16005899627271,"Low"
31585.4089128402,2.80882844715358,"Low"
47001.4179590127,2.54522347918772,"Medium"
48859.0406079399,4.12312121009534,"Medium"
41033.804314356,2.85821720807014,"Low"
69030.627987963,3.90868537842236,"Medium"
20195.5572762583,2.50159683839176,"Low"
70233.6021533421,3.98943674729944,"Medium"
57017.0855495451,4.43065607188278,"Medium"
61396.2953725675,4.9306635912459,"Medium"
43087.945932577,3.22794971976182,"Medium"
61713.5942014527,1.33230137441924,"Medium"
56464.94891695,3.27910093596762,"Medium"
72691.5839858747,3.42766493729631,"Medium"
54577.0221825295,2.26593605225506,"Low"
64604.6179830678,3.73730479505467,"Medium"
76284.0328678395,4.11494753396371,"Medium"
57565.6701701716,2.81001669310586,"Medium"
54869.886745372,2.14749304901146,"Low"
79030.3109046461,4.44544773178652,"High"
55962.5360601719,2.7824941108245,"Medium"
71719.9212036115,3.33009876914606,"Medium"
83818.6375785634,1.57759024643655,"Medium"
75305.9996601503,2.2961939763639,"Medium"
60371.0114923737,2.11875928579599,"Medium"
78372.1035785117,3.3771421342279,"High"
79491.8946244913,2.66035414330047,"Medium"
83463.9097512439,4.4321846178851,"High"
67651.080465371,4.0905632429855,"Medium"
60264.9674140222,2.63126282923887,"Medium"
79203.6229931341,2.40124396274682,"Medium"
56030.4495121506,2.3629581620532,"Medium"
70071.5619016316,2.89827804488413,"Medium"
53221.9742371022,3.04814338659581,"Medium"
32236.6081054718,3.66502588139943,"Medium"
66732.6422268439,3.83153553271168,"High"
89343.1117363026,2.33154373543281,"High"
71881.6698404622,3.17413670563969,"Medium"
37873.4671484876,4.26562314367406,"Medium"
62649.3200889589,5.12303490604003,"High"
84174.994978906,2.5786957347704,"Medium"
81123.2907226434,2.78458314509353,"High"
59011.4862387305,5.35049606065392,"Medium"
56233.7423610884,3.11353855302266,"Medium"
58587.4333710744,3.16900035508504,"Medium"
42026.4922629942,2.75756595696635,"Low"
67202.9464772053,1.87437485785526,"Medium"
42757.112289505,1.77690615050335,"Low"
80693.9652131912,2.79084388381231,"High"
29619.0947411023,2.66053333493072,"Medium"
82279.1355009508,3.35364400338718,"Medium"
86413.0740236935,2.08721376301567,"Medium"
66377.4778249891,4.60946717435992,"High"
58750.1237758256,3.49918558806463,"Medium"
80177.8778937289,2.48031179115098,"Medium"
52949.9229806926,2.59174637191373,"Low"
54322.3348227254,3.0371401201937,"Low"
45957.7682130368,4.15798591922436,"Medium"
91385.9921759217,3.07049244449205,"Medium"
30008.5973668848,2.31861315080426,"Low"
70411.9181299839,3.17816602243371,"Medium"
39184.0208731087,3.6290398803615,"Low"
53269.6919198181,4.21259915420916,"Medium"
54526.1540864749,3.96447035313007,"Medium"
51421.9698463891,3.0069023962003,"Medium"
97804.5099893134,4.42444744314132,"High"
80425.6452494757,4.45009848547637,"High"
68065.5586523675,2.36297144875663,"Medium"
88985.6787990615,2.63047663542898,"High"
55225.028149376,3.80008293089472,"Medium"
54013.4994343384,1.94670314496359,"Medium"
45318.7695113373,2.39998285049409,"Low"
37183.167081846,3.46581136900043,"Medium"
43730.3995808256,3.73353064088905,"Medium"
48852.2629180332,3.41389142601618,"Medium"
51944.5417543701,2.62659316325964,"Medium"
78653.6025531636,4.94783705616488,"High"
73758.4854983608,4.73636219259381,"Medium"
41567.2768801153,4.00440143583703,"Medium"
73080.9144326248,1.59300422694771,"Medium"
47870.6790628963,3.59328453985487,"Low"
50661.0664992019,3.20433718263612,"Medium"
59253.1458699923,3.70027857519114,"Medium"
49643.6454288837,2.92954014085986,"Low"
78227.8272539085,4.02329693288285,"High"
40232.6970622372,2.3342976497967,"Low"
80802.6386323681,4.97582905533631,"High"
58540.7078199406,3.8596432476999,"Medium"
52013.1839894353,4.09751979084791,"Medium"
32847.0276037446,4.43271520222505,"Low"
80594.5576460974,3.81936318053088,"Medium"
70767.164374266,3.42921852467436,"Medium"
58789.606311354,1.36509662888026,"Medium"
38493.5674685447,5.54995283610011,"Medium"
78355.4402179982,3.69379848190405,"High"
87726.1256804537,6.13300895172752,"High"
63654.426757555,3.57200097582777,"Medium"
48516.3322392939,4.56545974018897,"Medium"
52778.1260022014,2.30489209050683,"Low"
58390.6275433106,3.68880259926541,"Medium"
48270.3084406605,3.43483278551856,"Medium"
67449.2338340929,3.09330826585838,"Medium"
98363.1628268533,4.00305896760457,"High"
43937.1341295849,3.26314491649889,"Low"
64467.5167075514,3.08021555510307,"Medium"
61116.3362013456,1.51273477907034,"Medium"
87847.956805567,3.93861279778522,"High"
66891.000338788,4.56662104232393,"High"
60066.6435238101,4.63206570738395,"High"
59049.7439379686,3.77851801217294,"Medium"
86111.0594107623,2.66138108232623,"High"
87028.3237130149,3.56696319083293,"Medium"
44643.4506241789,4.07839558717668,"Medium"
59232.9335487469,4.34193192327986,"Medium"
71455.5652768991,3.06015226860362,"Medium"
55392.7175764849,2.12376410259443,"Low"
56471.892483447,4.52227190051939,"Medium"
78043.3009575214,2.68201660954017,"High"
43200.6599553676,2.02564855878006,"Low"
62778.0389089933,2.78905506098382,"Low"
53374.529197574,1.01754370026959,"Low"
56795.4346638813,4.34453483645355,"High"
71315.3594056838,4.8552151786773,"Medium"
86885.0694765521,4.10236601017839,"High"
62185.8114017485,3.01448853282897,"Medium"
40658.3136179067,2.80395082627637,"Low"
60878.2223199173,3.01396085673274,"Medium"
80921.6375829213,4.80018621256942,"High"
33729.3517738003,3.17061093649324,"Low"
64735.3389125397,3.25448668936171,"Medium"
35947.6772313302,1.39407009889668,"Low"
49177.2391756203,1.27325517092528,"Low"
76100.6592399763,2.74598068930597,"Medium"
45507.7619258112,3.07922417423666,"Low"
60734.8706622129,0.72693667813048,"Low"
36549.1931293374,0.788296578568395,"Low"
64450.4880647828,2.69409414488777,"Medium"
67245.2978871676,3.588861525415,"Medium"
33518.1960667987,1.61868596297385,"Low"
57112.7185634803,3.15551303469723,"Low"
67991.8702837643,4.39041143145462,"High"
83211.2070245651,3.96016697802916,"High"
79723.1004616122,4.80481958610748,"High"
80838.486768612,4.43735771413197,"High"
41601.4642636566,2.01787609278035,"Low"
46754.2477985817,2.59583531695242,"Low"
66970.8898762224,4.65857785785456,"High"
65045.7711369909,4.40997128230647,"High"
37313.3058504601,1.83683951664652,"Low"
77243.1111501422,4.83587006926289,"High"
71887.4612926653,4.23638535811967,"Medium"
78578.0170643749,3.48802891945242,"Medium"
64735.8607932348,3.37520296306642,"Medium"
47021.0659442938,2.33398873065402,"Low"
32412.3015436581,4.24362393031422,"Low"
61230.1187264393,3.48806389799606,"Medium"
46329.8516179156,3.11706231933333,"Medium"
73368.7037951701,1.11132151704931,"Medium"
60879.338144695,1.91599653897183,"Medium"
65656.896944169,3.1858837562956,"Medium"
37868.8307186876,2.57464712864277,"Low"
53230.8630435852,3.48853931481404,"Medium"
75533.8199282885,4.80710619278017,"High"
77301.9990296238,3.94009543935119,"High"
50693.938508609,3.43537127643704,"Low"
67095.7679065167,2.46554289214314,"Medium"
89739.586349391,3.07425322012992,"High"
70951.8426687134,3.05671643376787,"High"
75981.1607311836,3.88584591835932,"Medium"
44541.481552948,2.32776152030583,"Low"
49303.004449003,3.92641181849225,"Medium"
46852.9235680271,2.17001976383475,"Low"
54275.2792031393,1.89328080054125,"Low"
66432.7550901825,3.79139061934429,"High"
67774.4996367259,0.817071475480777,"Low"
63796.0556121026,2.25375463512226,"Medium"
98290.1411026952,2.87484901670921,"High"
58872.6800619585,4.15220420852137,"Medium"
59896.0500737334,2.74228208664685,"Medium"
38275.7776256569,3.9261061552315,"Medium"
63255.4370400238,5.40037453766084,"High"
61805.2259642291,3.08848167245781,"Medium"
69992.2352779518,3.49452032239906,"Medium"
46337.7316262471,1.75740175787654,"Medium"
79890.5394299915,2.55333692670363,"Medium"
77198.1559259149,3.30017640511839,"Medium"
66884.9757280532,4.36114591808947,"High"
69512.5197220483,2.60393378764161,"Medium"
21740.0978003654,4.69045771763718,"Low"
61761.5570626482,2.86088725845329,"Medium"
52713.2382542951,2.45338666839078,"Low"
69211.4312691069,3.80687950255455,"Medium"
52141.2304118049,3.22997833496445,"Medium"
78599.000116941,3.55645531444638,"High"
47088.2930639932,4.14450724069531,"Medium"
40829.798689616,3.77764516669826,"Low"
44153.6714089854,3.22684090844803,"Medium"
10934,2.87852138353852,"Low"
97673.2092185519,4.02267682473095,"High"
83806.5089984159,4.11987924795758,"Medium"
41246.0433871614,1.41159092757284,"Low"
62353.4963540751,5.23337595893518,"Medium"
82736.1667338065,3.59063190005252,"High"
83169.0381593978,2.00685181149425,"Medium"
69053.8567544229,2.95263028707077,"Medium"
63421.8917911577,3.37742569823364,"Medium"
55016.5142517073,5.49182587128617,"High"
51588.6108922959,3.17639369806131,"Low"
38029.7364102826,2.52015427975752,"Low"
69661.6667998892,2.91970893493647,"High"
62276.5306666599,2.51290157466545,"Medium"
60746.0957733315,3.11280186752739,"Medium"
84085.5637730741,6.28520622536384,"High"
35598.5655526798,0.81057460907331,"Low"
32357.190999223,3.36406290776977,"Low"
80175.0650337638,2.8021189320892,"Medium"
71301.4822941436,4.67435108944724,"Medium"
78582.5581196026,2.27971787480855,"Medium"
79861.1824671482,3.37479199540786,"Medium"
86796.8928527228,3.16720796723296,"High"
52010.850697893,4.02346979530079,"Medium"
62863.1531663114,4.51880752272525,"Medium"
86116.3544906994,5.77105245220252,"High"
105283.466343681,4.78669888903063,"High"
14089.8548353658,3.97203763443547,"Low"
60488.0456069454,4.31619050080923,"Medium"
88605.1515283988,3.99325821340962,"High"
59394.730025883,3.65940865559854,"Medium"
66511.0462486851,3.27609592678958,"High"
70604.9696986053,3.09409236289755,"Medium"
67872.9146809828,5.14809995871058,"High"
65493.4436381901,3.71425260152252,"Medium"
89461.4664101815,4.49625242296708,"High"
60443.9583004097,1.51235188138581,"Low"
46110.641898545,2.73615024754743,"Medium"
57240.4435422947,1.74584471166318,"Low"
32598.237301967,2.7359872873211,"Low"
69602.8174647623,3.26029206904941,"High"
74533.9258929816,3.73197188788309,"Medium"
78314.4665705012,2.29916748046183,"Medium"
71864.8175137988,5.6667452984043,"High"
49467.4224385909,2.79172634173657,"Low"
35139.9456209343,1.80013848126635,"Low"
59105.8390644925,3.4579562374143,"Medium"
42600.5521179215,2.09767623728643,"Low"
38046.7156817139,2.71537358336034,"Low"
88229.6840629138,4.31372245566188,"High"
101533.1874348,3.2401405003535,"High"
40004.2541197417,1.72304571919945,"Low"
79399.4450910331,4.36157852868446,"High"
74526.4153081352,4.65135479765636,"Medium"
54247.9094104466,4.1780651102411,"Medium"
34388.9318094458,2.71903107533471,"Medium"
64622.6829335603,3.95723259585307,"Medium"
32639.6245688903,2.35708552767542,"Low"
49351.3973681048,3.50940337753009,"Medium"
76753.9521217116,3.47444483601826,"Medium"
80502.6919406798,5.45070463658511,"Medium"
73070.0150206514,3.09401840222166,"High"
53742.7838429937,2.48469515147471,"Low"
66579.4425459233,1.73272312504069,"Medium"
61226.7183460774,3.75569850712569,"Medium"
52531.4045572875,3.33465815380955,"Low"
78300.8415819659,5.33991237584657,"High"
58537.0121182189,1.60880145230235,"Medium"
54926.1703964514,3.60454692325221,"Medium"
44810.5648668689,3.75871530712925,"Low"
36698.2688298503,2.89876706587156,"Medium"
74682.4680138634,3.07108807123452,"Medium"
44085.8089771495,3.2209992123363,"Medium"
60635.8621553612,3.56378481478505,"Medium"
76386.4049485666,4.67364169109693,"High"
71739.3424505757,4.37713805659769,"Medium"
64073.7471370857,3.17067662017375,"Medium"
62107.9559804168,3.41974042658602,"Medium"
41921.2889530763,4.52240852216884,"Low"
70003.1313423357,4.47383711038913,"High"
77934.5866628201,4.2669602041869,"High"
79430.9301059585,2.10639199941645,"Medium"
69315.2734314594,3.25462701671867,"Medium"
67154.798525374,3.91689875254611,"High"
49691.7555603453,2.38911638135003,"Low"
48043.81587612,2.76098750481743,"Medium"
38044.6684631536,1.8122499393705,"Low"
77705.5664399782,2.6369053243471,"Medium"
17822.9719528197,2.21543521933985,"Low"
17791.8672124615,3.56644297202976,"Low"
72741.4353672937,4.14773483442171,"Medium"
53657.7076132309,2.94489859069439,"Medium"
81337.949569902,1.81301753371716,"Medium"
43424.464233855,1.67757252021721,"Low"
87148.5760807881,3.71506810692298,"High"
70437.3515690194,3.34065886776602,"Medium"
75681.8259943331,3.54020203934143,"High"
32248.6114120939,4.11153528770835,"Low"
57865.4249352047,3.01976958958771,"Medium"
97461.704917858,2.21591329818879,"Medium"
63521.8963223249,3.13160180523863,"Medium"
70349.747461819,2.39395504397017,"Medium"
38097.2487372611,2.5318468682127,"Low"
38950.5443415454,2.59798537120468,"Low"
56800.43610566,2.70209059503827,"Low"
82444.4894668233,2.72134377837841,"High"
80261.0792779561,4.2942410946881,"High"
64821.2480917586,3.51720262959956,"Medium"
42404.424335556,1.1854257488379,"Low"
61312.3389810807,3.2140871439526,"Low"
62031.7021005482,4.77523464739448,"High"
76513.9055069735,5.21524383678247,"Medium"
57130.8347440337,3.38595743984885,"Medium"
57600.7855469581,2.43843934778765,"Low"
38767.1676434659,3.33463882933869,"Medium"
72161.1193617335,3.31174445237067,"Medium"
58591.0463511466,0.820609015433894,"Low"
52946.8645943128,1.82564240376032,"Medium"
53226.5276171558,3.18599834410816,"Medium"
84925.6349568704,3.60980803181121,"High"
55170.1950289232,2.44527105373414,"Low"
79285.6239152405,2.3036132882478,"High"
64163.7639081104,1.97283511256948,"Medium"
102211.931080565,3.16555830374204,"High"
45584.8805124646,4.09393105271064,"Medium"
76017.31649033,2.31447023745564,"Medium"
69382.9511568027,2.56968916918507,"Medium"
29733.5424503412,2.46672933826231,"Low"
36029.9921922788,2.12303528266118,"Low"
69954.6355330434,3.37717702723881,"Medium"
37477.9078934385,4.36624650453218,"Low"
100641.994966288,3.14582187025658,"High"
55873.8692076965,2.99142683171425,"Medium"
44048.9483452914,2.81106068226049,"Medium"
87475.4320389631,5.39687871871279,"High"
38207.9582414433,1.74167986313019,"Low"
44098.8308332828,2.32847263816884,"Low"
78333.8138363572,3.92412037714112,"Medium"
62379.6260311671,2.34853015724415,"Medium"
92646.7860477934,5.5187622538694,"High"
66131.9021742086,4.68269247904891,"High"
56526.5372492586,1.48155620966329,"Low"
62867.1610878416,3.64023631230484,"Medium"
54041.0941074723,3.07010073777103,"Medium"
26981.6030003468,2.6659312515937,"Low"
81948.2227837629,4.02902562798173,"High"
60879.1015396827,4.16602790879812,"Medium"
50159.5025964524,1.2451876680129,"Low"
69439.5072049863,2.8060606816917,"Medium"
76433.4940170174,3.89311238532688,"High"
59223.9540140661,2.40213197170794,"Medium"
67808.6719611917,2.36443822195736,"Medium"
55580.2846699515,3.23684025703397,"Medium"
56651.7034696181,2.28571515251725,"Low"
72203.8064443046,1.07595936306509,"Medium"
32013.7032247241,3.2868242328135,"Low"
40416.3247101861,3.46536569428138,"Medium"
46200.4177949539,5.31476842252721,"Medium"
101520.764236546,4.69074730661704,"High"
56814.488594975,2.8706451110317,"Medium"
42744.4663486165,5.64016343126125,"Medium"
40248.305793192,4.81625660410715,"Low"
89873.4913486598,3.0654870743429,"High"
68507.3045304078,3.6525749992563,"Medium"
59204.3805522215,3.07185943488269,"Medium"
54484.1780449131,2.55822055572162,"Low"
47639.1701725594,3.44642931663903,"Medium"
84495.6973975013,3.02861937168524,"High"
33564.6006951185,2.64233723826101,"Low"
82538.1431993975,5.59906580845631,"High"
63642.5683832665,3.1121146232171,"Medium"
74679.0484261851,3.1131076609692,"Medium"
80092.1134259772,4.44607071862983,"Medium"
41012.9969092633,3.16545559304646,"Low"
61171.2189741425,1.84496226605084,"Medium"
51569.717057469,3.44729511991696,"Medium"
72225.9293850404,5.51737202640946,"High"
36896.1308778329,3.60668688150969,"Low"
101806.516971883,4.4643212706881,"High"
46460.3695598546,3.86785434497673,"Medium"
72507.2220892935,3.08407652848199,"High"
56010.642009135,3.50839429862301,"Medium"
71470.8087242736,2.43742994631539,"Medium"
91582.0158715802,3.7148482639952,"High"
29070.4747627042,3.1972174808897,"Low"
66897.9224937332,2.28168768107301,"Medium"
60237.0026706018,3.48004197096595,"Medium"
92801.2217524817,4.4714751741889,"High"
73711.394232006,3.29906421060889,"Medium"
51943.2500807514,4.80768841290144,"Medium"
84754.9398968836,3.23311232123219,"High"
47771.6415799914,2.91596467185811,"Low"
62447.504984867,4.02991736910447,"High"
59008.0685644714,3.02953124980322,"Medium"
85689.6892558643,4.50200077408939,"High"
78333.6593729978,3.23477414116439,"High"
46230.3981770404,1.27732688850442,"Low"
82215.3076074961,3.68372202950361,"High"
66703.113628098,5.60120827120836,"High"
50227.273067872,3.29979220176588,"Medium"
58249.9214708088,3.53511575367761,"Medium"
39196.2897772664,2.23648425365891,"Low"
69431.6888259102,3.65382198103102,"Medium"
101238.209098207,3.29343740923126,"High"
57573.7946877832,4.24063158607614,"Medium"
64138.7118524192,3.75131875081273,"Medium"
63555.6467481308,2.56376584943363,"Medium"
68215.1447490102,3.29875798821401,"Medium"
61663.277725223,3.86368072228974,"Medium"
43245.8635620107,2.8746489469533,"Low"
49996.7532480331,3.66358875742043,"Low"
71725.278042441,3.58255941527237,"High"
93323.1661720967,5.0586150038414,"High"
42895.0748568969,3.2833879376348,"Low"
64209.781226437,3.11348631907583,"Medium"
58608.660717714,2.41909560048772,"Medium"
63458.1170285004,2.32244737803655,"Medium"
83443.7813758577,4.49661917063484,"High"
38606.8854959781,3.19147210448118,"Medium"
67986.9823201327,5.62455159111245,"High"
66417.2215637585,3.70900595304515,"Medium"
78719.2185738797,3.78832407616427,"High"
56068.5800325652,2.37674160936442,"Medium"
56427.9630979534,2.75502563092906,"Medium"
82277.8039831189,4.39853677010783,"High"
44724.059842807,2.86725158994579,"Medium"
69702.294743534,3.69115811341176,"Medium"
19153.4155468129,2.1131401128242,"Low"
56307.4110021591,3.16207845219681,"Medium"
55221.5367852341,2.62859421731711,"Medium"
60269.1780227595,5.7320602232917,"High"
67508.7065706007,4.38977270244751,"High"
82818.7772506083,4.30271124277263,"High"
65992.7625958856,1.80794180397357,"Medium"
75159.3818350113,4.66905935370116,"High"
19772.7299203775,1.52473607086752,"Low"
49712.7798098773,2.49114747191566,"Medium"
57038.3523529166,4.03612484058223,"Medium"
72416.0761360962,3.7193874457841,"High"
58554.6430827038,1.75970253116766,"Medium"
67466.5975392175,4.76305591417175,"Medium"
52481.3274013608,0.369087874707892,"Low"
67080.5435403643,4.59480913609088,"High"
33744.3035022967,3.26691367800216,"Low"
41387.6990113525,1.85992403252703,"Low"
71611.950011276,4.48509506466242,"High"
49274.0883759996,3.62704972376428,"Medium"
57520.8802416187,4.1405100460918,"Medium"
87496.3544180733,4.519080602575,"High"
45849.5012207098,2.18950216170774,"Low"
37112.950807386,3.18047614613267,"Low"
63286.4603319187,3.93563495274307,"Medium"
54578.2778573915,1.5990496160589,"Low"
64774.9896691497,2.05641603728573,"Medium"
47059.8633026113,2.53536544346532,"Low"
68796.8806972486,3.87196618991686,"High"
42983.6846875635,1.55724663232211,"Low"
75760.1715443471,4.17747922989409,"High"
68290.3054543083,2.12538266142012,"Medium"
65104.3797959108,3.38981877958391,"Medium"
62342.4088213593,2.71872298354942,"Medium"
30594.6548284545,3.21562253637144,"Low"
23791.490447279,4.46819470944967,"Low"
87015.7188072501,3.32391273376123,"High"
73337.4716670904,4.15505699848378,"Medium"
69120.3471315386,4.81021597067825,"High"
76681.2798727461,4.04591152457567,"High"
86040.4865320313,3.71858013171372,"High"
69204.5024286346,5.45058337066351,"High"
50615.1455513974,0.686599771298047,"Low"
82418.4409375763,3.55677337807514,"High"
76890.2309555543,2.87928045257869,"High"
85432.7715840878,5.2969324537128,"High"
71804.6545251656,3.089396245895,"Medium"
55780.1541426128,1.95066347981062,"Low"
65147.5591171037,5.97022748801256,"Medium"
56085.6445118221,3.20947498757986,"Medium"
77046.2125482273,3.72702869342905,"High"
63552.6930168174,3.50816695909391,"Medium"
74025.6879722929,1.91331366095821,"Medium"
75295.4372816581,4.52437596996032,"High"
76334.6918038198,4.02374327921745,"High"
53071.3864634758,3.65214234425319,"Medium"
81647.0753777665,2.41359477104384,"Medium"
17658.6971128396,1.52528218643611,"Low"
42920.9754029054,1.80661673739462,"Low"
83807.3361695227,3.45024313779232,"High"
64447.6558437899,5.21475777695635,"High"
79785.0621104194,5.45385953018939,"High"
39985.736646733,3.11825919195295,"Medium"
73597.9271108572,2.94578514831808,"Medium"
63148.0471481782,3.82495053763185,"High"
55723.2821762241,4.16493562177992,"High"
52690.4208184887,3.33491062906837,"Medium"
43311.1556251981,2.64613151882106,"Low"
56804.4719552076,2.61479142837077,"Medium"
58183.2021251418,2.52924146655624,"Medium"
42173.1009715656,3.42042301543949,"Low"
51544.5992825664,2.78385685038814,"Medium"
59630.7803439614,3.51088192502037,"Medium"
86584.219996946,4.05719984055879,"High"
102432.27145638,3.28817055830363,"High"
65027.5432686415,3.75674506235682,"Medium"
80361.4718992229,3.39995880150973,"Medium"
61997.1722908794,4.44710477944315,"Medium"
80346.7032981242,4.20610095810331,"High"
56471.9455097403,3.82281051530495,"High"
27723.4580685632,2.63611019405077,"Low"
62036.4999115618,2.24011649658613,"Medium"
72475.3928455389,2.53863353746338,"Medium"
75420.7661451189,4.5414237478647,"High"
88032.9917805819,3.82146590487562,"High"
30699.9137270174,2.34223845512411,"Low"
58923.0775345149,3.15383071995956,"Medium"
47109.8745041529,1.84323978408362,"Low"
45239.8817311902,0.675305351470915,"Low"
80872.5247179535,4.403613026493,"High"
32331.4989386433,3.04871411190743,"Low"
70198.1366225849,2.15208487517367,"Medium"
36540.1271576708,3.663988862281,"Low"
40632.8604301595,2.72733045016109,"Low"
35125.808263465,4.39747133958298,"Medium"
38109.4511347747,1.58146333545676,"Low"
44271.8680334564,3.39456071485753,"Medium"
43865.7792913062,3.16681271563013,"Medium"
53458.9750210343,3.908220259627,"Medium"
80915.1029778914,3.61425364665738,"High"
45695.2533278886,2.38992577003687,"Low"
79933.5690271374,1.73384834587554,"Medium"
69259.7155963222,2.58837756623094,"Medium"
72605.2305376666,3.35892331881184,"Medium"
58079.5736019155,2.64924229763867,"Medium"
77458.5261158992,4.06863955659069,"High"
94591.2133864525,3.70639044568015,"High"
78742.055157484,4.62393425882273,"High"
38737.4390637243,4.24966129113007,"Medium"
54863.4533253889,2.55006607656892,"Medium"
54857.9102799946,2.13644585234065,"Low"
49872.7861778834,4.4812316513496,"Medium"
72814.3967018636,1.37509267038234,"Medium"
43706.7477863006,2.12551816428688,"Low"
49048.9737308457,5.01471013417547,"Medium"
50253.7088927059,5.12473263248612,"Medium"
46350.1316394614,2.53222214356893,"Low"
66904.1765880918,2.51497489865816,"Medium"
74977.0819134739,3.39343060295324,"Medium"
42420.2433668321,1.84130903295159,"Low"
27149.787847388,3.63873345026862,"Low"
66218.8581028047,2.56374038268071,"Medium"
68310.5630483126,3.5705224886993,"Medium"
104400.627339936,4.63496327883803,"High"
58958.386519334,2.60554542931563,"Medium"
35908.6566439475,3.12544399639515,"Low"
93253.8515086755,3.4673668845882,"High"
73931.0925401439,3.79018903498993,"Medium"
50492.424300782,4.18834692426819,"Medium"
72453.5831832487,2.40841120386003,"Medium"
51508.0498610881,4.19802161298317,"Medium"
33277.2235694864,1.98065908144889,"Low"
67652.3742418482,3.50346179479004,"Medium"
62140.5329780435,3.4244861945377,"Medium"
67454.4303829683,2.8875155992886,"Medium"
54174.5777664834,3.48105321325096,"Medium"
86010.4289847273,2.20183974470281,"Medium"
69580.2369424883,3.13597662952459,"Medium"
54611.7613273068,3.95711985518569,"Medium"
57734.7391133998,0.542618445976679,"Low"
33808.9238299266,1.12838722690398,"Low"
83156.2196711648,3.11395204497558,"High"
63652.1589391054,1.04202966806674,"Low"
58076.1885318854,3.6103632584276,"Medium"
75240.0586584069,2.40458224843372,"Medium"
66439.6686215613,1.40443765968482,"Medium"
57038.9574278841,3.56157599841784,"High"
53024.1359288464,2.91872577038087,"Medium"
80393.7976794139,4.83722161613448,"High"
100813.274653302,3.1636216454937,"High"
51009.5824246794,4.24351586711599,"Medium"
82543.6173933716,4.44589205899971,"High"
30367.4523891515,2.7078651050209,"Low"
53050.3190364998,2.52443606762056,"Medium"
65415.7623391143,5.77356803128312,"High"
77606.2946293761,3.11196026062238,"Medium"
97546.3560234168,2.54802060071789,"High"
49844.4750446001,2.22452485171879,"Low"
80732.9513095968,1.60086357702164,"Medium"
77047.1720153913,3.84076745239773,"High"
90767.5682681529,3.74540106995994,"High"
61680.0056052349,3.83422837858887,"Medium"
27229.837732821,3.26029532672677,"Low"
73869.7329628009,3.48599765670093,"High"
40303.9819420659,3.0866750877326,"Low"
39967.1788893961,3.61440958816722,"Low"
60652.307755058,2.58280962432018,"Medium"
52598.7480123383,2.69526829573974,"Medium"
35860.0361481185,3.80772161834395,"Medium"
84953.5377266198,4.26209004966341,"High"
37282.4438807734,2.86700369830857,"Low"
63062.4525729563,4.45128843305569,"Medium"
62050.793490125,4.43626330639243,"High"
43943.1708647534,4.1499668076607,"Medium"
39104.6750756485,2.9302847112169,"Low"
25077.9926997455,2.76870276030385,"Low"
18813.6962538733,2.72812400943148,"Low"
66087.5782057881,4.35451857322772,"Medium"
75163.1852242801,2.39661645469498,"Medium"
53752.2719452272,2.30875703950442,"Medium"
75713.2513716549,4.61114315293967,"High"
30090.8951062563,2.29637329035918,"Low"
45780.8519196905,2.46171964069993,"Low"
58782.2320591522,3.88497550342515,"Medium"
30120.3869608115,3.04159091896131,"Low"
53785.9941276977,3.0279620317089,"Medium"
50710.6213508727,2.98538796281739,"Medium"
66291.5079242261,3.31501593660863,"Medium"
45306.1740579013,3.30598368980401,"Low"
45267.467161737,2.76221515323548,"Low"
47279.4554589741,4.47546635940148,"Medium"
41519.9376058309,3.24566980659437,"Medium"
63799.6787450631,4.21310768062485,"Medium"
75799.8146378106,4.85960144593979,"High"
78267.1103392849,4.62833336042027,"High"
71851.9726749184,3.60619548754789,"Medium"
71657.3667781726,3.86691260195672,"High"
55725.9011507463,2.30546643202905,"Low"
56190.9037092012,3.44801091906026,"Medium"
53420.4439695884,3.29392264889865,"Medium"
56115.3626805125,4.05736630288886,"Medium"
66387.523283614,3.15887113096782,"Medium"
78683.1094182983,4.04575556624819,"High"
53112.1534460854,2.8387531829899,"Medium"
78074.3401452116,3.98774246773975,"High"
14052.2248569562,2.33984424496539,"Low"
63714.4125323504,1.27708372188414,"Medium"
90532.8393874552,2.94075280390343,"High"
59960.3982913329,3.19031099903284,"Medium"
51118.9130892719,2.1720878401692,"Low"
52001.6308016555,1.37343141715632,"Low"
75631.5417069632,1.55212557143802,"Medium"
89371.4393795299,3.80332741808631,"High"
58978.6763503198,4.66368470065578,"High"
55674.7561944985,4.76590240686713,"Medium"
60964.6843032469,2.36571719321436,"Low"
51160.005705711,4.52683633919266,"Medium"
85602.3564205463,4.17670367619772,"High"
62848.096263903,3.35081218763289,"Medium"
47644.0870200712,2.67583056246307,"Low"
61500.405428798,2.50902645999575,"Medium"
54491.8105926234,3.20804005998614,"Medium"
59362.4592206806,4.02767934341345,"Medium"
66499.2874619447,2.61219050858942,"Medium"
60621.4837628155,2.97765207493172,"Medium"
46699.813050975,1.41875866704801,"Low"
45902.7946366586,2.70103599103728,"Low"
51439.6708532239,3.61481649668387,"Medium"
91431.6421089823,4.6592897906764,"High"
90547.3490363521,2.21090620057807,"Medium"
77907.0854808301,3.34372944909711,"Medium"
59693.4674364239,2.44630036267126,"Medium"
41081.6426268549,3.25186061771183,"Medium"
38536.8703999983,3.54466761497631,"Low"
73244.9879729102,2.82235793785962,"Medium"
67968.4383568501,3.86398094989885,"Medium"
69456.5548452326,3.46588272895079,"High"
69853.8621306163,3.69733991655557,"High"
42489.1607759197,2.77305750320973,"Low"
70974.0740099307,2.67246927007557,"Medium"
58059.6830162597,0.944820906712749,"Low"
66545.5911143231,4.33219164199119,"Medium"
49496.2042757366,3.55980554455485,"Medium"
48803.9333382797,2.75396902020385,"Medium"
45684.8218123615,1.54995679540685,"Medium"
60882.0294357273,4.87599776752587,"Medium"
78650.4613958578,7,"High"
64706.0707953024,3.42930324875529,"Medium"
27656.751229667,3.12397740803222,"Low"
75149.6774936139,4.29752678610953,"Medium"
40666.5608528686,1.79945486546988,"Low"
82858.3316586727,2.95239263073354,"Medium"
73675.5545840742,1.77784351458091,"Medium"
58369.1680151434,1.76977044205008,"Low"
82401.7284427912,4.63714835692249,"High"
61877.0153249243,3.0040211880802,"Medium"
50936.3812573004,3.06932871041494,"Medium"
55709.3027663094,3.15610325346955,"Medium"
67392.4777642673,1.66128197052955,"Medium"
61969.6762236897,3.96722622683034,"Medium"
66128.4879440886,2.01996080797677,"Medium"
60322.2821978283,3.07414443013246,"Medium"
46015.5795739149,2.02416878064447,"Low"
75610.106671096,3.91923119337588,"High"
50647.4102884061,4.49847924830483,"Medium"
47185.9802891592,2.75531736926823,"Medium"
54649.4051078577,1.73005949496128,"Low"
67289.2106351647,1.95494638328834,"Medium"
63404.2417049665,2.56441012916782,"Medium"
76373.3748420233,3.11032649364914,"High"
38293.8114366213,2.74678615468767,"Low"
33135.6471380659,1.66184771115134,"Low"
29612.5872816543,2.65808905431054,"Low"
40492.8103101208,3.12719211348903,"Medium"
77532.1898561325,2.02843809208963,"Medium"
84872.6852017106,3.43093525009631,"High"
46045.2775611782,4.00775936685482,"Medium"
71684.5806009516,4.02309390162309,"Medium"
61881.0399078526,4.96423333850309,"Medium"
89158.459612358,4.10277605354358,"High"
44977.9480662324,1.12164290921283,"Low"
40297.5904127455,1.74259146538476,"Low"
78294.358437948,4.45453587202459,"High"
59759.3954031276,4.87422779215998,"Medium"
51107.6328259385,2.49245414196899,"Low"
75679.3782091644,4.22567264539908,"Medium"
53289.2674694887,3.90785649896855,"Medium"
54127.2145629414,2.25505527888244,"Medium"
63337.835578882,3.10611978606342,"Medium"
72108.9991747269,3.51277346314676,"Low"
34673.1767049982,3.14641923355689,"Low"
72965.6431252223,3.64810548091515,"Medium"
57270.2376794914,3.65947439219373,"Medium"
38733.7152886908,1.97906069481312,"Low"
38919.8831907956,1.27226102988284,"Low"
74020.2705734776,5.21166402319732,"High"
84925.6942184106,2.03982798970846,"Medium"
87356.0600382066,3.30435006476606,"High"
64988.1723895793,3.78910077869756,"Medium"
56184.1906826622,1.32108154747864,"Low"
86835.2798389441,2.78108844034155,"Medium"
93519.6515119196,3.09614337995928,"High"
43442.0976767119,3.78201431376415,"Medium"
29309.5000426288,2.77953773729324,"Low"
61442.2162322613,4.46597143972666,"High"
28026.1570487673,3.62989609841689,"Medium"
55126.7606653698,2.87423472872637,"Low"
53897.396228461,3.79797141351162,"Medium"
91886.8677142533,2.42529743593469,"High"
75441.7077422792,3.12515286740698,"Medium"
55474.6166807191,3.3481929606993,"Medium"
57651.8337456602,3.87080402053351,"Medium"
50426.8642479182,1.38485594192998,"Low"
65857.2462524709,2.82570857106823,"Medium"
75684.1624779924,3.18932411830077,"High"
66284.1701976544,4.15469508934046,"Medium"
63447.3863927148,4.34406082601595,"Medium"
74866.8105991057,4.77822738988344,"High"
71137.7594595411,3.06233579318491,"High"
48074.3811426108,2.78435151781565,"Low"
73820.3248188958,4.23426231356596,"Medium"
57454.6877428884,2.54190728899738,"Low"
92528.0629923559,3.62257687032642,"High"
79007.6947780157,3.17867470372405,"High"
57884.1410805219,2.6842576370358,"Medium"
71740.8921374775,4.71605793376162,"High"
58442.601777621,2.88370432565874,"Medium"
68845.1728192728,3.44649095939877,"Medium"
60134.2444566462,4.35761088890491,"Medium"
57905.4962819012,4.59952415904602,"High"
55199.4504998071,5.27077625900849,"High"
86275.6218175655,2.65329000973033,"High"
45103.758725097,2.15894813015527,"Low"
16241.8980835486,2.45409046566303,"Low"
31308.4378190879,2.89245450502215,"Low"
85043.7141206226,3.10774685660148,"High"
75370.3479941238,3.94038334319072,"Medium"
37900.2018279221,3.51459047708903,"Medium"
65740.6627058548,4.33102861979115,"High"
47729.5420230933,3.68625365160942,"Medium"
63992.6995319126,3.15286035752086,"Medium"
62221.9961873389,4.04227527929589,"Medium"
55817.3533090721,3.8055460318309,"Medium"
63118.5564279954,3.97760712082813,"High"
31842.1283198629,3.28665654619737,"Low"
54317.4793675198,3.50192975801884,"Medium"
76236.5277548574,4.67670757155646,"High"
81920.0752448574,2.74497315452722,"Medium"
48653.0746730396,4.60131416089597,"Medium"
62495.6756352499,3.24878383456975,"Medium"
50807.1626885402,3.97594434562842,"Medium"
28827.3190759329,2.31308177043177,"Low"
88892.2876738,3.86712813851438,"High"
66288.6361729552,4.77546288277147,"High"
78645.8845791214,1.04584805725006,"Low"
80206.200465371,4.51418646001273,"High"
60971.2124325349,3.58815430321995,"Medium"
89142.6515995906,1.80498226140417,"High"
61996.1278065089,2.71300845232892,"Low"
76435.5314505963,1.40113349463977,"Medium"
75721.2424783032,4.66907000490287,"High"
69172.9158186982,3.71835190219399,"High"
33108.9940909898,1.80531735390068,"Low"
71957.3034218275,4.09998805869525,"High"
70672.2609588792,4.42428577231769,"Medium"
61640.9576958618,2.70984962542062,"Medium"
51202.95325237,3.72861015813681,"Medium"
50237.6563149797,2.68977274013646,"Low"
61611.8861921747,1.39165730027716,"Low"
59681.9240319932,1.76597703430703,"Medium"
63345.1687160085,1.55123129872388,"Medium"
63650.0979937393,3.72278055702,"Medium"
61685.6155199646,3.22253163937845,"Medium"
59945.8459936889,4.83191727230654,"Medium"
59843.3082597246,2.88825954489402,"Low"
77227.2153652463,4.83116964073147,"High"
34790.6840299184,3.53763330775624,"Low"
68785.7736414836,2.82475342252322,"Medium"
78499.7450590665,4.54127408462073,"High"
65759.9686117788,3.99382860261516,"Medium"
35311.7778015707,3.56748359744556,"Low"
64042.5515985717,3.90322108017504,"Medium"
42576.914087361,3.61169847085602,"Medium"
64714.6838818926,2.51103525190406,"Medium"
53338.9723618247,3.87497334998853,"Medium"
46515.0638472157,3.67923762557602,"Medium"
35665.9943133267,2.93996911737601,"Low"
83540.1633030047,4.4674741528297,"High"
63345.745585582,3.07989125790987,"Medium"
69697.5991940818,3.18657290446202,"Medium"
50744.5194621868,2.98530941249781,"Low"
89536.1817554006,4.25234446147433,"High"
60772.4213915063,2.54357227342424,"Medium"
66794.0771441031,3.85813994558861,"High"
43765.6710127286,1.27248262645985,"Low"
97230.6576877412,3.28033196889983,"High"
60742.7109256564,3.12874268646197,"Medium"
49250.883400909,1.71722500017844,"Medium"
72868.7687879543,1.8107758490581,"Medium"
80228.7011206797,5.04702985423918,"High"
39900.118286914,1.90631864798024,"Low"
69836.497133334,1.67150456604404,"Medium"
77436.1677472033,3.15584401227863,"Medium"
71797.4022173817,4.3799110177079,"Medium"
54241.7552140687,3.81751797335551,"Medium"
79408.3078376033,4.48261620969517,"High"
41234.440695683,4.26268584352477,"Medium"
75187.411719346,3.44724525488206,"High"
100944.619985065,4.72872671479922,"High"
61331.2813828739,1.89738382591277,"Low"
39879.0866131869,2.39919792358618,"Low"
27175.1263958701,4.2889092622941,"Low"
42944.6408562191,4.07974023408997,"Medium"
63827.5604329437,3.05415028892298,"Low"
47503.9377178104,1.45242878552089,"Low"
57587.5136074229,2.58102387477902,"Medium"
66049.6459517052,5.2020099049886,"Medium"
52927.518263915,2.31890000053931,"Medium"
88242.9981737828,4.28892126105859,"High"
74842.5965268882,4.01412635534963,"Medium"
55810.1479432249,4.12184497923396,"Medium"
74295.4601904613,4.1819022391966,"Medium"
50246.4238471783,2.25929159708239,"Low"
